FINGERPRINT,EXPECTED
Casting a ballot System,Voting System
uprightness of the votes,electoral integrity
Web-based democratic applications,online voting systems
Electronic democratic frameworks,electronic voting machines
arrangement of constituent bodies,constitutional order
casting a ballot framework,voting system
discretionary procedure,electoral system
mystery casting a ballot,secret vote
E-casting a ballot framework,online voting system
enlist casting a ballot,register votes
Political decision Framework,voting system
articulation of the desire,decision making
e-casting a ballot,e-voting
net-based casting a ballot,online voting
casting ballot results,vote results
money-saving advantage,economical
throwing a vote,voting
throwing a ticket,voting
throwing a poll,conducting an election
weighted lion's share voting,weighted majority voting
absolute intrigue,zero interest [rates]
monetary market contributors,financial markets participants
electronic democratic machine,electronic voting machine
Internet casting a ballot,online voting
trickery in conduct,fraud
world reconnaissance bodies,international monitoring organizations
tally casts a ballot,tally votes
citizen determined contribution,democratic participation
lawful mind,legitimacy
electronic casting a ballot frameworks,electronic voting systems
non-public area,private sector
discretionary framework,election system
populace AND population,population
geological locale,geographical locations
populaces AND populations,populations
Bound together Domain,United Kingdom
money-related quality,financial status
sociology looks into,sociology research
hard and soft casting a ballot,hard and soft voting
huge quantities of individuals,large parts of the population
trust-in-the-untouchable,trusted third party
incendiary procedure,inflammatory process